{"loss": 0.007543500512838364, "lr": 0.0001, "_timestamp": 1712332562.91105, "_runtime": 1411.4404091835022, "_step": 5, "_wandb": {"runtime": 6847}}